C:\Users\Kevin\Desktop\2202\exesample\,executable.1028,181018aed64edb255d2e554489f7fdd9,3f7c242dbd885386da6e0d88913dfa3eba3afb29
C:\Users\Kevin\Desktop\2202\exesample\,executable.1100,6d8f62afc665ed48a9ee4d47eece8e95,1fba959ce5ff82f6acc09d70f50160f8c2e35102
C:\Users\Kevin\Desktop\2202\exesample\,executable.1136,c2e13a291c4cbbe006c935906f2bffef,29421ee2d777e9d13c6dba751fae989f7a2cb642
C:\Users\Kevin\Desktop\2202\exesample\,executable.1220,f467c57e1a628e5c00926cfbd2e95cd6,121091c607d220d1e84e459e2da6eaa763836e8b
C:\Users\Kevin\Desktop\2202\exesample\,executable.1300,664981d54e47cd1178d70a385738d794,c41e564b185afa23f99faba64ef5e01cf0199942
C:\Users\Kevin\Desktop\2202\exesample\,executable.1400,6d249bfc18fcb4891d2fb7e8beef7b72,fd9474dda08e897ba9ae72188c8475f378d1e0e4
C:\Users\Kevin\Desktop\2202\exesample\,executable.1428,701191bec8f2c33ca11d15f1c1ff988f,a02a98d415548dbfd2119ca3e23ef96ae21eca5d
C:\Users\Kevin\Desktop\2202\exesample\,executable.1540,6d5bb9f81d6af22c9b85f124617520be,7542e3ff3db81bb107323b9354503ef460381064
C:\Users\Kevin\Desktop\2202\exesample\,executable.1980,02787ff28b778c92b758d254bbbf86eb,a18aa270915308c23315432937cdd9210342b86f
C:\Users\Kevin\Desktop\2202\exesample\,executable.2164,1958e06c18417a70d70c4f5a608d571b,ccdf6cd8785613ec7bb764c1f68f2e3341156b55
C:\Users\Kevin\Desktop\2202\exesample\,executable.2176,869d3faab3fc8b0005607893bd347d04,0e00aab3e593cf1916fc73258bd2780a3f97b84f
C:\Users\Kevin\Desktop\2202\exesample\,executable.2784,e4cc678ebcd356c5ffc63633913b25dd,7937ad79009d03324327923b04b3a19fb622a9b7
C:\Users\Kevin\Desktop\2202\exesample\,executable.2804,4103460ceb03c7d3b9485a1ad2afce52,dbe3cfc8e1b8ddf48b735bd09cc551396e8fc697
C:\Users\Kevin\Desktop\2202\exesample\,executable.304,857b890b8cb68b2c9c404a967d0ba5c8,2259204b6ffd78204e2dc1cd7c099f161eb88062
C:\Users\Kevin\Desktop\2202\exesample\,executable.3228,89e9c38dd7daaf67165298597ede9744,b90ef9ca0399e0c42cd7a6af99d2d30798a2e828
C:\Users\Kevin\Desktop\2202\exesample\,executable.3268,50da255a7035239f5527b89720452249,1c415c669988c7b4dca16d9e08b33296df44f654
C:\Users\Kevin\Desktop\2202\exesample\,executable.3348,8054ac5d7c3e3766553c4833ec43b6cb,aad71e56d3a2aaa10d1f11850e6968b82a889372
C:\Users\Kevin\Desktop\2202\exesample\,executable.3388,2e41a04bce17c4d35f19552828747203,153756b2c45432f5f08dcbdfd3db330158a336c7
C:\Users\Kevin\Desktop\2202\exesample\,executable.376,70bf22766d5a79cc26f6fe217f74e8e6,ba6a3226e96ce3e5218749c3940774d35ab98d96
C:\Users\Kevin\Desktop\2202\exesample\,executable.3948,b935995fab332fd5117f58998319c2dc,0bce1aa5dcc42907eb079098a2c11f95f029e095
C:\Users\Kevin\Desktop\2202\exesample\,executable.396,3d1d592343f059d616fd949322af8a0b,1c45b183d1c950be1427187d28a22b1bd92763cf
C:\Users\Kevin\Desktop\2202\exesample\,executable.424,ca1d1258f6f2f58a92e3cb645e6f921a,57a117f0eb5933873d9fda9ccb2d457eafca2c89
C:\Users\Kevin\Desktop\2202\exesample\,executable.432,9fb2dd7e433cf16ca1e5d5b6e69d23d3,7f8d078060de0fcbc4539cab2dda42739451616c
C:\Users\Kevin\Desktop\2202\exesample\,executable.472,23f9e42d1ea84a3f073c427309ba7b46,52811c9e2c7584e2e1be590041789228eb790fb2
C:\Users\Kevin\Desktop\2202\exesample\,executable.516,25c9954938d374f821e827da1da44916,10f9d2f1abd3d6358e322ab1afe5ae2d22d28f3c
C:\Users\Kevin\Desktop\2202\exesample\,executable.532,bedccea99122a26233e448da89c700c5,cba9338e459118ee06f597c3bc8836ccfac1d661
C:\Users\Kevin\Desktop\2202\exesample\,executable.540,d6e1cd1c50e00ae4d996e661aaaf41ec,9878d490f5fbd229bc4cba69adff9d8bca879df4
C:\Users\Kevin\Desktop\2202\exesample\,executable.640,b1dbc8964254660dad89a1c2401e8e4b,697c15b68caff9e2f04152950ecc0ca4ccddc4d3
C:\Users\Kevin\Desktop\2202\exesample\,executable.656,af30c86fe9d4399f2bd6106b5af2ab07,effb03f93823b45296f05bd7969d3f327c8a5942
C:\Users\Kevin\Desktop\2202\exesample\,executable.708,716373cc57ad84eb3b81ffa610b8725a,3c3b35bed6ded3ae62ea036d2239c20f07f1c56b
C:\Users\Kevin\Desktop\2202\exesample\,executable.772,806e19a34fcf2345c09fc1a49b8c2793,fe87e39c0ac155ffd8f3e5df558d2f6a39021619
C:\Users\Kevin\Desktop\2202\exesample\,executable.868,ce15d63c75c32e7c53d075ce7f163dc6,59cf5de87f95abbf129a21edcd943d64f99ccb9e
C:\Users\Kevin\Desktop\2202\exesample\,executable.912,a898a86d1a152c3484ab70c4d50cae28,f9bb346e488169b471b805a0d029d73e1fcbedaf
C:\Users\Kevin\Desktop\2202\exesample\,executable.944,b5bb5a30c0a462ccb8be0e358d32828e,04e6c03b30e0dbd9f2cdc0e7cd298150e987a32b
C:\Users\Kevin\Desktop\2202\exesample\,executable.948,af5136e01ae64540826dd7ab8db5f6a1,30a654cedd6ed394c3d49adf7758c9073b6893f8
