C:\Users\SITUser\Desktop\2202-WELTPEIOC-Suite\2202-WELTPEIOC-Suite\IOC\27-10-2020_20-52-14_test\exesample\,executable.1036,82ad35dc18b38aad3527b179f5e4d462,691bab7af69c7823f8f5a3b1a79be35fb78a236c
C:\Users\SITUser\Desktop\2202-WELTPEIOC-Suite\2202-WELTPEIOC-Suite\IOC\27-10-2020_20-52-14_test\exesample\,executable.1176,5721a0c33c166bf096ca0889842b9649,69dd33ddf2977be7d2689dca0f3a80ca03ce388c
C:\Users\SITUser\Desktop\2202-WELTPEIOC-Suite\2202-WELTPEIOC-Suite\IOC\27-10-2020_20-52-14_test\exesample\,executable.1196,5ef3a7ac77608c7a1b92e471988301fe,75046eebb8c26b92de056e8dbab3325d5572f56c
C:\Users\SITUser\Desktop\2202-WELTPEIOC-Suite\2202-WELTPEIOC-Suite\IOC\27-10-2020_20-52-14_test\exesample\,executable.1220,3240e3c7f074bc6554aab9c2fd731596,6639e2f8f2e11bc5cb7044daa244a870550997be
C:\Users\SITUser\Desktop\2202-WELTPEIOC-Suite\2202-WELTPEIOC-Suite\IOC\27-10-2020_20-52-14_test\exesample\,executable.1360,b0d5468b7a3b92761953e386364eb2f1,cb0d89fb3c923f8438a84929da135e0af5af11ee
C:\Users\SITUser\Desktop\2202-WELTPEIOC-Suite\2202-WELTPEIOC-Suite\IOC\27-10-2020_20-52-14_test\exesample\,executable.1388,59f56ed9d5fa6f9f76c6707394c379cf,96ed43dfb59ab24a79ae0323962262ab4657a76b
C:\Users\SITUser\Desktop\2202-WELTPEIOC-Suite\2202-WELTPEIOC-Suite\IOC\27-10-2020_20-52-14_test\exesample\,executable.1444,34831a5d3ecb8315f625a88dfdd643e7,e08a726f7344acee7cf6740b55ee0938d93cda87
C:\Users\SITUser\Desktop\2202-WELTPEIOC-Suite\2202-WELTPEIOC-Suite\IOC\27-10-2020_20-52-14_test\exesample\,executable.1472,8bb7d398a1054e63934a0e34fa409228,caeadf54ec3837121987455f4cfa1c5891ee997d
C:\Users\SITUser\Desktop\2202-WELTPEIOC-Suite\2202-WELTPEIOC-Suite\IOC\27-10-2020_20-52-14_test\exesample\,executable.1544,f23e81ca17fc7bf36a24e7df5a43b3f9,932ad0bb052b8fd0f119710c68e61e907c5a6111
C:\Users\SITUser\Desktop\2202-WELTPEIOC-Suite\2202-WELTPEIOC-Suite\IOC\27-10-2020_20-52-14_test\exesample\,executable.1556,dc20ad42d5071de67da8a315177dad02,78fc80b5d911c3e3c464495186c8e8d3ed4395b4
C:\Users\SITUser\Desktop\2202-WELTPEIOC-Suite\2202-WELTPEIOC-Suite\IOC\27-10-2020_20-52-14_test\exesample\,executable.1600,b5516174e8e83235fd461a927fef1bea,63a7aecb0c06eba7d992b8b9227d6ac0c1e5141c
C:\Users\SITUser\Desktop\2202-WELTPEIOC-Suite\2202-WELTPEIOC-Suite\IOC\27-10-2020_20-52-14_test\exesample\,executable.1716,faa7e615e520874b5bf8d939e6d118b9,f610d87a892527054f9b62c90be4c7f85c7b2297
C:\Users\SITUser\Desktop\2202-WELTPEIOC-Suite\2202-WELTPEIOC-Suite\IOC\27-10-2020_20-52-14_test\exesample\,executable.1804,fc8abb0c24ae8e7324541cd44875c00c,8915699409a8767a79159da57e438e4d55501481
C:\Users\SITUser\Desktop\2202-WELTPEIOC-Suite\2202-WELTPEIOC-Suite\IOC\27-10-2020_20-52-14_test\exesample\,executable.1812,e004391c709188acb961ae2c50b2b0b8,b6fb9e87d55741377eaf867b84d875986473302e
C:\Users\SITUser\Desktop\2202-WELTPEIOC-Suite\2202-WELTPEIOC-Suite\IOC\27-10-2020_20-52-14_test\exesample\,executable.1828,c7db70a36ec30c24955d2272dd515f0a,a8f073c6ec641803af63d6a8f7799c899d7112f1
C:\Users\SITUser\Desktop\2202-WELTPEIOC-Suite\2202-WELTPEIOC-Suite\IOC\27-10-2020_20-52-14_test\exesample\,executable.1868,b16481d70b7c68a66b1178724e45e506,27bd72854939022be9d2df285b24922a5ff10c6b
C:\Users\SITUser\Desktop\2202-WELTPEIOC-Suite\2202-WELTPEIOC-Suite\IOC\27-10-2020_20-52-14_test\exesample\,executable.1908,729671302aa695dec44a224e2f8bdd9c,f00da02f87fa1e82fd58d4d48655dc5b358e1dc8
C:\Users\SITUser\Desktop\2202-WELTPEIOC-Suite\2202-WELTPEIOC-Suite\IOC\27-10-2020_20-52-14_test\exesample\,executable.1944,993e11281ee259682b107a2ceae59468,b06d7d1d6048eee13bca14d7cdeee3305e4710c4
C:\Users\SITUser\Desktop\2202-WELTPEIOC-Suite\2202-WELTPEIOC-Suite\IOC\27-10-2020_20-52-14_test\exesample\,executable.216,35e2fe30ae0542a3c275a0bf65b90bac,499eb0e68e1abd877f920609c5848e9f46d273bb
C:\Users\SITUser\Desktop\2202-WELTPEIOC-Suite\2202-WELTPEIOC-Suite\IOC\27-10-2020_20-52-14_test\exesample\,executable.2292,f97fd6ad4c40ec22bcf5210b582cdf62,d404ff85d868b13f1cd0d5d98da428c9a7c653a4
C:\Users\SITUser\Desktop\2202-WELTPEIOC-Suite\2202-WELTPEIOC-Suite\IOC\27-10-2020_20-52-14_test\exesample\,executable.284,a728ec95c433ef6899e23c842aa523a2,e03512bbe970436702539b32181e70f7a742bb45
C:\Users\SITUser\Desktop\2202-WELTPEIOC-Suite\2202-WELTPEIOC-Suite\IOC\27-10-2020_20-52-14_test\exesample\,executable.2976,e05a1030c97cc5ebd32aa56bf35ceaa5,a768a2ac8e15be1ae1bb2b7f7a408cdc86d6c42c
C:\Users\SITUser\Desktop\2202-WELTPEIOC-Suite\2202-WELTPEIOC-Suite\IOC\27-10-2020_20-52-14_test\exesample\,executable.3060,17db10ad0c6bf8e2b01e5e6bdecc4d15,fdf3563df80482d0244b5eca1bf55d46486033fd
C:\Users\SITUser\Desktop\2202-WELTPEIOC-Suite\2202-WELTPEIOC-Suite\IOC\27-10-2020_20-52-14_test\exesample\,executable.320,146ec90ec6660946d8df8ca579e0b0f7,3b34869c28d9e82244f6309dc0638d2d5f980bf9
C:\Users\SITUser\Desktop\2202-WELTPEIOC-Suite\2202-WELTPEIOC-Suite\IOC\27-10-2020_20-52-14_test\exesample\,executable.328,eca7892f589e98768647858855b2ecff,902eafa6bc2fe95676b887040375a2d1f512080e
C:\Users\SITUser\Desktop\2202-WELTPEIOC-Suite\2202-WELTPEIOC-Suite\IOC\27-10-2020_20-52-14_test\exesample\,executable.3360,71f0f510a94e90600007d6396b838676,c2b0f734f862b8fa65c13179dcf3e64c0805d6bc
C:\Users\SITUser\Desktop\2202-WELTPEIOC-Suite\2202-WELTPEIOC-Suite\IOC\27-10-2020_20-52-14_test\exesample\,executable.352,5bbc3306ac574b91f35044bb153f7a4a,b8ac454cd42b59ff7584df3388077f44a8676980
C:\Users\SITUser\Desktop\2202-WELTPEIOC-Suite\2202-WELTPEIOC-Suite\IOC\27-10-2020_20-52-14_test\exesample\,executable.3676,a531c78882880dfa0a9275f1bd1ef5d4,7ffe7fb9f526526921cc5606a9e3b71635d31f2f
C:\Users\SITUser\Desktop\2202-WELTPEIOC-Suite\2202-WELTPEIOC-Suite\IOC\27-10-2020_20-52-14_test\exesample\,executable.3936,529319e8ee1e34feb8e03fc7335d6bce,b5b247efa4d160d006698154c99912e5587b43c6
C:\Users\SITUser\Desktop\2202-WELTPEIOC-Suite\2202-WELTPEIOC-Suite\IOC\27-10-2020_20-52-14_test\exesample\,executable.416,99e4af061f79a60b60021b2969690d88,f6c9f1aca22391baf077e315570f02cacbbd0f97
C:\Users\SITUser\Desktop\2202-WELTPEIOC-Suite\2202-WELTPEIOC-Suite\IOC\27-10-2020_20-52-14_test\exesample\,executable.424,1c316e83020c67f9bd22ecd399626cb8,254de21db82e2e3bdff26c55529abd40643e2b93
C:\Users\SITUser\Desktop\2202-WELTPEIOC-Suite\2202-WELTPEIOC-Suite\IOC\27-10-2020_20-52-14_test\exesample\,executable.432,2df6c0694b501d573365fd2abdccfe20,04f197789d2e30fa42c2f1752a67cbb154046d33
C:\Users\SITUser\Desktop\2202-WELTPEIOC-Suite\2202-WELTPEIOC-Suite\IOC\27-10-2020_20-52-14_test\exesample\,executable.524,b45fee68558e07ebf584db118696c7f7,6489f10428eaefb4bfe6c403b9c45613e0428536
C:\Users\SITUser\Desktop\2202-WELTPEIOC-Suite\2202-WELTPEIOC-Suite\IOC\27-10-2020_20-52-14_test\exesample\,executable.540,299547034be5b80827a56bae66482058,6dd840ceec40b9ad3ae1361b02e2a01a90cd2807
C:\Users\SITUser\Desktop\2202-WELTPEIOC-Suite\2202-WELTPEIOC-Suite\IOC\27-10-2020_20-52-14_test\exesample\,executable.584,732a48ef9119e2ef25124344b4f813c7,1a8de7339cd751a6756480a5dbe7148b2a3fc7a2
C:\Users\SITUser\Desktop\2202-WELTPEIOC-Suite\2202-WELTPEIOC-Suite\IOC\27-10-2020_20-52-14_test\exesample\,executable.648,eda10a9ca19c0f2b70d36301794ac7c3,c4ad85d7cd1091da5f82627598282f49334375f8
C:\Users\SITUser\Desktop\2202-WELTPEIOC-Suite\2202-WELTPEIOC-Suite\IOC\27-10-2020_20-52-14_test\exesample\,executable.736,24c4ed34c0b046adb6efca6e6fb1ac4d,9ac8bd9ef235967210fd63e4329d56235faadd02
C:\Users\SITUser\Desktop\2202-WELTPEIOC-Suite\2202-WELTPEIOC-Suite\IOC\27-10-2020_20-52-14_test\exesample\,executable.776,47dc6d065b93cac887ada1351a0bf5d8,4ea356d029eead0cfa80eed0aea491765d96f389
C:\Users\SITUser\Desktop\2202-WELTPEIOC-Suite\2202-WELTPEIOC-Suite\IOC\27-10-2020_20-52-14_test\exesample\,executable.796,2e187a04b7f3e013278c0dfdaba833f6,6948d9f3a0b33df2104ce19a9308211f5141728a
C:\Users\SITUser\Desktop\2202-WELTPEIOC-Suite\2202-WELTPEIOC-Suite\IOC\27-10-2020_20-52-14_test\exesample\,executable.800,d71661c13990074128a59c17b6536280,77e576952854a3b91f0c9827932cc5f30c2e5146
C:\Users\SITUser\Desktop\2202-WELTPEIOC-Suite\2202-WELTPEIOC-Suite\IOC\27-10-2020_20-52-14_test\exesample\,executable.824,bdbf41f022fcf6594fc3377a3d177ac8,845e5306cb0d9b2284aa4d6f84f67343132ffdb2
C:\Users\SITUser\Desktop\2202-WELTPEIOC-Suite\2202-WELTPEIOC-Suite\IOC\27-10-2020_20-52-14_test\exesample\,executable.908,26af522365bc4228aa604f4f6c47d3bc,0b576dda07732dbcba746b3f5fc3bf0106e9ced2
